"","ann_single_neuron","ann_5_hidden_neurons","naivebayes_accuracy","laplace_accuracy","lm_mae","lm_mse","lm_rmse"
"1",0.0334616213608325,0.0193991314165587,0.212173913043478,0.218260869565217,0.486086956521739,0.576521739130435,0.759290286471804
